<?xml version="1.0" encoding="UTF-8" standalone="yes"?>
<addon id="plugin.program.NorthernLightsWizard" name="[COLOR lime]-Northern Lights Wizard-[/COLOR]" version="2.0.01" provider-name="[COLOR darkgoldenrod]RLV[/COLOR]">
  <requires>
    <import addon="xbmc.python" version="3.0.0"/>
    <import addon="script.module.six" />
    <import addon="script.module.kodi-six" />
  </requires>
  <extension point="xbmc.python.pluginsource" library="default.py">
        <provides>executable</provides>
  </extension>
  <extension point="xbmc.service" library="startup.py" start="startup" />
  <extension point="xbmc.addon.metadata">
    <summary lang="en">Northern Lights Wizard</summary>
    <description lang="en">Northen Lights Wizard allows you to get access to the latest Northern Lights Custom Builds.. Thanks whufclee at NaN, GUYS at TI, Brackets for the app installer!! RomanVM for the PyXBMCt libs. Fire TV Guru for the PyXBMCt layout  Also a very special Thanks to Surfacingx for the base code used in this add-on.</description>
    <platform>all</platform>
    <assets>
				<icon>icon.png</icon>
				<fanart>fanart.jpg</fanart>
				<banner></banner>
				<clearlogo></clearlogo>
				<screenshot></screenshot>
		</assets>
  </extension>
</addon>